Transitivity,Count,Ratio
transitive,10438,0.7520714748901217
intransitive,3441,0.24792852510987823
