Transitivity,Count,Ratio
transitive,28739,0.6445745301215628
intransitive,15847,0.35542546987843715
